largest,size_to_switch,keycomparisons,timetaken,numitems
1000,0,8711,0:00:00.003995,1000
1000,0,8669,0:00:00.003006,1000
1000,0,120560,0:00:00.036000,10000
1000,0,120374,0:00:00.036993,10000
1000,0,1536382,0:00:00.454029,100000
1000,0,1535897,0:00:00.425044,100000
1000,0,18671804,0:00:05.409178,1000000
1000,0,18671457,0:00:05.315621,1000000
1000,0,220048689,0:01:04.794688,10000000
1000,0,220048900,0:01:03.507725,10000000
10000,0,8726,0:00:00.002997,1000
10000,0,8701,0:00:00.003000,1000
10000,0,120521,0:00:00.039997,10000
10000,0,120380,0:00:00.036001,10000
10000,0,1536651,0:00:00.448030,100000
10000,0,1536392,0:00:00.431032,100000
10000,0,18674008,0:00:05.430125,1000000
10000,0,18673912,0:00:05.418006,1000000
10000,0,220098455,0:01:07.027265,10000000
10000,0,220096365,0:01:08.040017,10000000
100000,0,8685,0:00:00.003000,1000
100000,0,8705,0:00:00.002000,1000
100000,0,120421,0:00:00.034997,10000
100000,0,120499,0:00:00.034996,10000
100000,0,1536217,0:00:00.475995,100000
100000,0,1536471,0:00:00.462003,100000
100000,0,18674594,0:00:05.584147,1000000
100000,0,18674584,0:00:05.514831,1000000
100000,0,220101473,0:01:08.646674,10000000
100000,0,220100931,0:01:08.023273,10000000
1000000,0,8728,0:00:00.003998,1000
1000000,0,8686,0:00:00.004003,1000
1000000,0,120611,0:00:00.040996,10000
1000000,0,120469,0:00:00.035997,10000
1000000,0,1536076,0:00:00.441003,100000
1000000,0,1536251,0:00:00.446996,100000
1000000,0,18674997,0:00:05.721567,1000000
1000000,0,18674416,0:00:05.564692,1000000
1000000,0,220098262,0:01:08.030850,10000000
1000000,0,220102445,0:01:07.809278,10000000
10000000,0,8718,0:00:00.003001,1000
10000000,0,8726,0:00:00.002996,1000
10000000,0,120599,0:00:00.035999,10000
10000000,0,120446,0:00:00.046999,10000
10000000,0,1536325,0:00:00.455996,100000
10000000,0,1536352,0:00:00.444998,100000
10000000,0,18672882,0:00:05.470208,1000000
10000000,0,18674091,0:00:05.569353,1000000
10000000,0,220104395,0:01:07.838099,10000000
10000000,0,220099447,0:01:07.674781,10000000
1000,2,8452,0:00:00.002998,1000
1000,2,8471,0:00:00.003001,1000
1000,2,118408,0:00:00.032999,10000
1000,2,118542,0:00:00.039998,10000
1000,2,1518702,0:00:00.457988,100000
1000,2,1518902,0:00:00.492001,100000
1000,2,18432879,0:00:05.152017,1000000
1000,2,18432388,0:00:05.093014,1000000
1000,2,217945327,0:01:02.131063,10000000
1000,2,217949792,0:01:01.639161,10000000
10000,2,8424,0:00:00.002999,1000
10000,2,8460,0:00:00.003002,1000
10000,2,118541,0:00:00.033001,10000
10000,2,118273,0:00:00.031999,10000
10000,2,1519042,0:00:00.429004,100000
10000,2,1518973,0:00:00.432003,100000
10000,2,18436164,0:00:05.219208,1000000
10000,2,18436758,0:00:05.178062,1000000
10000,2,217999861,0:01:05.042351,10000000
10000,2,218002194,0:01:04.844400,10000000
100000,2,8458,0:00:00.003002,1000
100000,2,8459,0:00:00.003002,1000
100000,2,118444,0:00:00.032994,10000
100000,2,118324,0:00:00.039998,10000
100000,2,1519090,0:00:00.426993,100000
100000,2,1519018,0:00:00.434999,100000
100000,2,18434901,0:00:05.265089,1000000
100000,2,18435698,0:00:05.143116,1000000
100000,2,218005322,0:01:05.353228,10000000
100000,2,218004867,0:01:05.368432,10000000
1000000,2,8432,0:00:00.002999,1000
1000000,2,8427,0:00:00.003002,1000
1000000,2,118370,0:00:00.033001,10000
1000000,2,118401,0:00:00.032992,10000
1000000,2,1519482,0:00:00.440995,100000
1000000,2,1519056,0:00:00.419999,100000
1000000,2,18437242,0:00:05.240585,1000000
1000000,2,18435324,0:00:05.161872,1000000
1000000,2,218004578,0:01:07.781936,10000000
1000000,2,218000663,0:01:10.684019,10000000
10000000,2,8484,0:00:00.002001,1000
10000000,2,8488,0:00:00.002999,1000
10000000,2,118343,0:00:00.035999,10000
10000000,2,118382,0:00:00.035000,10000
10000000,2,1518733,0:00:00.503002,100000
10000000,2,1519070,0:00:00.472993,100000
10000000,2,18435743,0:00:06.539000,1000000
10000000,2,18437094,0:00:06.128542,1000000
10000000,2,218006162,0:01:05.979679,10000000
10000000,2,218003752,0:01:05.301952,10000000
1000,4,8314,0:00:00.001999,1000
1000,4,8294,0:00:00.001998,1000
1000,4,117059,0:00:00.031999,10000
1000,4,117059,0:00:00.032998,10000
1000,4,1497044,0:00:00.412006,100000
1000,4,1497534,0:00:00.366045,100000
1000,4,18256156,0:00:04.652055,1000000
1000,4,18257483,0:00:04.672993,1000000
1000,4,216545111,0:01:00.348853,10000000
1000,4,216548737,0:01:01.942854,10000000
10000,4,8316,0:00:00.002996,1000
10000,4,8304,0:00:00.003999,1000
10000,4,117006,0:00:00.039996,10000
10000,4,116951,0:00:00.046414,10000
10000,4,1497096,0:00:00.407170,100000
10000,4,1496937,0:00:00.422554,100000
10000,4,18261667,0:00:05.500185,1000000
10000,4,18261308,0:00:05.868267,1000000
10000,4,216597771,0:01:07.186598,10000000
10000,4,216603589,0:01:05.482018,10000000
100000,4,8308,0:00:00.002999,1000
100000,4,8355,0:00:00.002998,1000
100000,4,117026,0:00:00.032004,10000
100000,4,116971,0:00:00.037997,10000
100000,4,1497683,0:00:00.453000,100000
100000,4,1497282,0:00:00.431583,100000
100000,4,18262044,0:00:05.084774,1000000
100000,4,18262924,0:00:05.042140,1000000
100000,4,216604313,0:01:05.165604,10000000
100000,4,216608330,0:01:04.466599,10000000
1000000,4,8270,0:00:00.003000,1000
1000000,4,8215,0:00:00.002000,1000
1000000,4,117155,0:00:00.033997,10000
1000000,4,117088,0:00:00.034996,10000
1000000,4,1497548,0:00:00.438918,100000
1000000,4,1497150,0:00:00.422005,100000
1000000,4,18262134,0:00:05.244477,1000000
1000000,4,18262070,0:00:05.052790,1000000
1000000,4,216605734,0:01:05.466073,10000000
1000000,4,216605878,0:01:07.095167,10000000
10000000,4,8323,0:00:00.002002,1000
10000000,4,8312,0:00:00.003001,1000
10000000,4,117008,0:00:00.039996,10000
10000000,4,116920,0:00:00.034996,10000
10000000,4,1497397,0:00:00.453997,100000
10000000,4,1497573,0:00:00.459996,100000
10000000,4,18261606,0:00:05.552544,1000000
10000000,4,18261020,0:00:05.031364,1000000
10000000,4,216603270,0:01:07.328934,10000000
10000000,4,216601356,0:01:05.504465,10000000
1000,6,8300,0:00:00.003002,1000
1000,6,8265,0:00:00.002999,1000
1000,6,116161,0:00:00.033998,10000
1000,6,116149,0:00:00.036004,10000
1000,6,1497593,0:00:00.398008,100000
1000,6,1496992,0:00:00.388014,100000
1000,6,18257119,0:00:04.774122,1000000
1000,6,18257583,0:00:04.839493,1000000
1000,6,215738798,0:00:58.699534,10000000
1000,6,215738338,0:01:01.288314,10000000
10000,6,8246,0:00:00.001999,1000
10000,6,8330,0:00:00.004002,1000
10000,6,116155,0:00:00.040992,10000
10000,6,116130,0:00:00.048003,10000
10000,6,1497033,0:00:00.404040,100000
10000,6,1497185,0:00:00.391484,100000
10000,6,18260460,0:00:05.186290,1000000
10000,6,18261034,0:00:05.115206,1000000
10000,6,215793117,0:01:06.501513,10000000
10000,6,215792587,0:01:03.180032,10000000
100000,6,8311,0:00:00.003000,1000
100000,6,8301,0:00:00.019992,1000
100000,6,116168,0:00:00.032001,10000
100000,6,116014,0:00:00.031000,10000
100000,6,1496891,0:00:00.403006,100000
100000,6,1497760,0:00:00.373332,100000
100000,6,18262777,0:00:05.050123,1000000
100000,6,18262154,0:00:04.977507,1000000
100000,6,215798018,0:01:02.542196,10000000
100000,6,215806009,0:01:12.173112,10000000
1000000,6,8322,0:00:00.036999,1000
1000000,6,8274,0:00:00.003003,1000
1000000,6,116230,0:00:00.029993,10000
1000000,6,116066,0:00:00.029001,10000
1000000,6,1497530,0:00:00.387002,100000
1000000,6,1497356,0:00:00.411545,100000
1000000,6,18262193,0:00:05.113167,1000000
1000000,6,18259788,0:00:05.065869,1000000
1000000,6,215798843,0:01:02.844652,10000000
1000000,6,215798529,0:01:02.234927,10000000
10000000,6,8272,0:00:00.001998,1000
10000000,6,8297,0:00:00.002000,1000
10000000,6,116319,0:00:00.028999,10000
10000000,6,116179,0:00:00.029002,10000
10000000,6,1497366,0:00:00.389007,100000
10000000,6,1497207,0:00:00.378997,100000
10000000,6,18260814,0:00:05.059777,1000000
10000000,6,18262022,0:00:05.176091,1000000
10000000,6,215800967,0:01:03.009197,10000000
10000000,6,215800514,0:01:02.248116,10000000
000,7,8350,0:00:00.001993,1000
1000,7,8335,0:00:00.002977,1000
1000,7,116107,0:00:00.028996,10000
1000,7,116454,0:00:00.029996,10000
1000,7,1498323,0:00:00.373035,100000
1000,7,1497809,0:00:00.365018,100000
1000,7,18285704,0:00:04.883673,1000000
1000,7,18286754,0:00:04.772644,1000000
1000,7,215730928,0:01:00.379660,10000000
1000,7,215733364,0:00:58.670751,10000000
10000,7,8310,0:00:00.002010,1000
10000,7,8303,0:00:00.002031,1000
10000,7,116264,0:00:00.029195,10000
10000,7,116315,0:00:00.028992,10000
10000,7,1497834,0:00:00.375647,100000
10000,7,1498370,0:00:00.362092,100000
10000,7,18291244,0:00:05.073048,1000000
10000,7,18291173,0:00:04.951813,1000000
10000,7,215790360,0:01:03.374920,10000000
10000,7,215797578,0:01:03.518553,10000000
100000,7,8318,0:00:00.001990,1000
100000,7,8319,0:00:00.002998,1000
100000,7,116111,0:00:00.029996,10000
100000,7,116062,0:00:00.029973,10000
100000,7,1498206,0:00:00.362000,100000
100000,7,1498640,0:00:00.363001,100000
100000,7,18290209,0:00:04.997273,1000000
100000,7,18291445,0:00:04.986667,1000000
100000,7,215791748,0:01:03.258364,10000000
100000,7,215794649,0:01:03.770379,10000000
1000000,7,8337,0:00:00.001999,1000
1000000,7,8296,0:00:00.001996,1000
1000000,7,116171,0:00:00.028994,10000
1000000,7,116189,0:00:00.027998,10000
1000000,7,1498032,0:00:00.370913,100000
1000000,7,1498402,0:00:00.365005,100000
1000000,7,18289451,0:00:05.001735,1000000
1000000,7,18289233,0:00:04.945613,1000000
1000000,7,215795108,0:01:03.670405,10000000
1000000,7,215802806,0:01:03.517300,10000000
10000000,7,8296,0:00:00.002999,1000
10000000,7,8331,0:00:00.003989,1000
10000000,7,116134,0:00:00.029023,10000
10000000,7,116205,0:00:00.028008,10000
10000000,7,1498007,0:00:00.385018,100000
10000000,7,1499042,0:00:00.379975,100000
10000000,7,18290431,0:00:04.924315,1000000
10000000,7,18290712,0:00:04.929088,1000000
10000000,7,215801481,0:01:04.022745,10000000
10000000,7,215800194,0:01:04.272795,10000000
1000,8,8431,0:00:00.001996,1000
1000,8,8481,0:00:00.002000,1000
1000,8,116217,0:00:00.028000,10000
1000,8,116104,0:00:00.029998,10000
1000,8,1498105,0:00:00.402581,100000
1000,8,1497191,0:00:00.361006,100000
1000,8,18417555,0:00:04.545660,1000000
1000,8,18416927,0:00:04.553174,1000000
1000,8,215737280,0:00:57.774026,10000000
1000,8,215734262,0:00:58.188813,10000000
10000,8,8426,0:00:00.002000,1000
10000,8,8441,0:00:00.002002,1000
10000,8,116257,0:00:00.034998,10000
10000,8,116194,0:00:00.037001,10000
10000,8,1497759,0:00:00.452597,100000
10000,8,1497907,0:00:00.419825,100000
10000,8,18422051,0:00:05.186067,1000000
10000,8,18421943,0:00:04.834028,1000000
10000,8,215798299,0:01:02.227684,10000000
10000,8,215794999,0:01:01.806369,10000000
100000,8,8418,0:00:00.002002,1000
100000,8,8526,0:00:00.002999,1000
100000,8,116252,0:00:00.029001,10000
100000,8,116113,0:00:00.028996,10000
100000,8,1498759,0:00:00.404010,100000
100000,8,1498221,0:00:00.412996,100000
100000,8,18422139,0:00:04.810880,1000000
100000,8,18422413,0:00:04.961849,1000000
100000,8,215797004,0:01:16.248449,10000000
100000,8,215799119,0:01:16.402162,10000000
1000000,8,8532,0:00:00.002002,1000
1000000,8,8448,0:00:00.001998,1000
1000000,8,116258,0:00:00.030999,10000
1000000,8,116157,0:00:00.029001,10000
1000000,8,1498375,0:00:00.383007,100000
1000000,8,1498309,0:00:00.425997,100000
1000000,8,18420875,0:00:04.907782,1000000
1000000,8,18420932,0:00:04.938100,1000000
1000000,8,215798355,0:01:06.635085,10000000
1000000,8,215802712,0:01:02.600603,10000000
10000000,8,8565,0:00:00.001995,1000
10000000,8,8378,0:00:00.003001,1000
10000000,8,116114,0:00:00.028998,10000
10000000,8,116050,0:00:00.029000,10000
10000000,8,1498611,0:00:00.442001,100000
10000000,8,1498309,0:00:00.484228,100000
10000000,8,18423785,0:00:04.918157,1000000
10000000,8,18424179,0:00:04.805460,1000000
10000000,8,215806782,0:01:03.135049,10000000
10000000,8,215803836,0:01:02.674834,10000000
1000,10,8489,0:00:00.002002,1000
1000,10,8432,0:00:00.001996,1000
1000,10,120250,0:00:00.028998,10000
1000,10,119910,0:00:00.028002,10000
1000,10,1498420,0:00:00.388790,100000
1000,10,1497807,0:00:00.359127,100000
1000,10,18418932,0:00:04.661668,1000000
1000,10,18416564,0:00:04.687708,1000000
1000,10,219359136,0:00:59.255651,10000000
1000,10,219362243,0:00:57.564494,10000000
10000,10,8499,0:00:00.001999,1000
10000,10,8438,0:00:00.001997,1000
10000,10,120025,0:00:00.028999,10000
10000,10,119832,0:00:00.028995,10000
10000,10,1497965,0:00:00.397007,100000
10000,10,1498235,0:00:00.360990,100000
10000,10,18422458,0:00:04.804963,1000000
10000,10,18421302,0:00:04.803771,1000000
10000,10,219428333,0:01:00.997708,10000000
10000,10,219436639,0:01:00.893963,10000000
100000,10,8409,0:00:00.002001,1000
100000,10,8495,0:00:00.002002,1000
100000,10,120313,0:00:00.029004,10000
100000,10,120189,0:00:00.027500,10000
100000,10,1498803,0:00:00.405003,100000
100000,10,1499191,0:00:00.424999,100000
100000,10,18423409,0:00:04.888961,1000000
100000,10,18424888,0:00:04.778579,1000000
100000,10,219438544,0:01:01.883734,10000000
100000,10,219439953,0:01:01.326468,10000000
1000000,10,8455,0:00:00.001997,1000
1000000,10,8457,0:00:00.001998,1000
1000000,10,119965,0:00:00.029000,10000
1000000,10,120099,0:00:00.029003,10000
1000000,10,1497696,0:00:00.377010,100000
1000000,10,1499424,0:00:00.402000,100000
1000000,10,18422449,0:00:04.953405,1000000
1000000,10,18420692,0:00:04.844323,1000000
1000000,10,219438356,0:01:02.234869,10000000
1000000,10,219442510,0:01:02.042048,10000000
10000000,10,8446,0:00:00.003000,1000
10000000,10,8501,0:00:00.002165,1000
10000000,10,120469,0:00:00.028999,10000
10000000,10,120057,0:00:00.028999,10000
10000000,10,1498057,0:00:00.379998,100000
10000000,10,1498517,0:00:00.372003,100000
10000000,10,18418666,0:00:04.935367,1000000
10000000,10,18423291,0:00:04.748622,1000000
10000000,10,219444916,0:01:01.554632,10000000
10000000,10,219440131,0:01:05.349732,10000000
1000,12,8514,0:00:00.003188,1000
1000,12,8441,0:00:00.003001,1000
1000,12,119832,0:00:00.033278,10000
1000,12,120018,0:00:00.031282,10000
1000,12,1548155,0:00:00.404279,100000
1000,12,1547605,0:00:00.372626,100000
1000,12,18418730,0:00:04.925792,1000000
1000,12,18416216,0:00:04.945629,1000000
1000,12,219368579,0:00:58.679342,10000000
1000,12,219364423,0:00:58.245787,10000000
10000,12,8485,0:00:00.001999,1000
10000,12,8453,0:00:00.013117,1000
10000,12,120027,0:00:00.029122,10000
10000,12,120011,0:00:00.029999,10000
10000,12,1549143,0:00:00.377485,100000
10000,12,1549124,0:00:00.378867,100000
10000,12,18424923,0:00:04.923335,1000000
10000,12,18422531,0:00:04.994384,1000000
10000,12,219431703,0:01:02.669425,10000000
10000,12,219442025,0:01:02.735045,10000000
100000,12,8423,0:00:00.002146,1000
100000,12,8412,0:00:00.002006,1000
100000,12,120041,0:00:00.030197,10000
100000,12,119811,0:00:00.032242,10000
100000,12,1548889,0:00:00.404519,100000
100000,12,1548220,0:00:00.427527,100000
100000,12,18420654,0:00:04.876358,1000000
100000,12,18422818,0:00:04.884991,1000000
100000,12,219444006,0:01:04.129253,10000000
100000,12,219435332,0:01:04.008374,10000000
1000000,12,8484,0:00:00.003000,1000
1000000,12,8446,0:00:00.002208,1000
1000000,12,119902,0:00:00.037950,10000
1000000,12,120349,0:00:00.033104,10000
1000000,12,1549096,0:00:00.408337,100000
1000000,12,1548348,0:00:00.424379,100000
1000000,12,18425609,0:00:05.201132,1000000
1000000,12,18423200,0:00:04.939349,1000000
1000000,12,219444144,0:01:03.142325,10000000
1000000,12,219434809,0:01:08.117141,10000000
10000000,12,8467,0:00:00.007998,1000
10000000,12,8452,0:00:00.008002,1000
10000000,12,119864,0:00:00.047997,10000
10000000,12,119749,0:00:00.040003,10000
10000000,12,1548207,0:00:00.508370,100000
10000000,12,1549429,0:00:00.536152,100000
10000000,12,18421607,0:00:05.761496,1000000
10000000,12,18422068,0:00:05.817424,1000000
10000000,12,219438661,0:01:12.198601,10000000
10000000,12,219437735,0:01:06.995781,10000000
1000,14,8480,0:00:00.003015,1000
1000,14,8489,0:00:00.003006,1000
1000,14,120097,0:00:00.027981,10000
1000,14,119752,0:00:00.028002,10000
1000,14,1563640,0:00:00.386003,100000
1000,14,1564891,0:00:00.374027,100000
1000,14,18419260,0:00:04.638801,1000000
1000,14,18415608,0:00:04.750019,1000000
1000,14,219353704,0:00:58.360271,10000000
1000,14,219357122,0:00:57.275552,10000000
10000,14,8486,0:00:00.001998,1000
10000,14,8540,0:00:00.001998,1000
10000,14,120192,0:00:00.027980,10000
10000,14,120198,0:00:00.026995,10000
10000,14,1566140,0:00:00.354037,100000
10000,14,1563584,0:00:00.359008,100000
10000,14,18420577,0:00:04.757064,1000000
10000,14,18423826,0:00:04.772120,1000000
10000,14,219422033,0:01:01.909306,10000000
10000,14,219428467,0:01:01.395111,10000000
100000,14,8461,0:00:00.003001,1000
100000,14,8388,0:00:00.003000,1000
100000,14,120295,0:00:00.027027,10000
100000,14,119961,0:00:00.027990,10000
100000,14,1564310,0:00:00.352030,100000
100000,14,1564869,0:00:00.359994,100000
100000,14,18422409,0:00:04.839581,1000000
100000,14,18425767,0:00:04.859030,1000000
100000,14,219441581,0:01:00.893494,10000000
100000,14,219443472,0:01:01.933345,10000000
1000000,14,8418,0:00:00.001999,1000
1000000,14,8531,0:00:00.001995,1000
1000000,14,119983,0:00:00.028000,10000
1000000,14,120194,0:00:00.027000,10000
1000000,14,1564904,0:00:00.377019,100000
1000000,14,1566642,0:00:00.362055,100000
1000000,14,18420967,0:00:04.774301,1000000
1000000,14,18422874,0:00:04.802110,1000000
1000000,14,219436079,0:01:00.924692,10000000
1000000,14,219438123,0:01:02.655984,10000000
10000000,14,8502,0:00:00.002001,1000
10000000,14,8456,0:00:00.001998,1000
10000000,14,119968,0:00:00.027001,10000
10000000,14,119901,0:00:00.026999,10000
10000000,14,1564445,0:00:00.382010,100000
10000000,14,1565160,0:00:00.380992,100000
10000000,14,18423523,0:00:05.016266,1000000
10000000,14,18424082,0:00:05.086866,1000000
10000000,14,219445184,0:01:02.379482,10000000
10000000,14,219443192,0:01:02.781371,10000000
1000,16,9523,0:00:00.001999,1000
1000,16,9530,0:00:00.001994,1000
1000,16,120042,0:00:00.028222,10000
1000,16,120035,0:00:00.027987,10000
1000,16,1564178,0:00:00.358029,100000
1000,16,1563567,0:00:00.353529,100000
1000,16,19435390,0:00:04.753578,1000000
1000,16,19439145,0:00:04.767012,1000000
1000,16,219361472,0:00:57.360952,10000000
1000,16,219376534,0:00:57.578272,10000000
10000,16,9514,0:00:00.001999,1000
10000,16,9588,0:00:00.002010,1000
10000,16,119961,0:00:00.034987,10000
10000,16,119950,0:00:00.030997,10000
10000,16,1565961,0:00:00.385003,100000
10000,16,1564768,0:00:00.375019,100000
10000,16,19439662,0:00:05.525981,1000000
10000,16,19438671,0:00:05.354542,1000000
10000,16,219432724,0:01:03.841886,10000000
10000,16,219435370,0:01:01.694050,10000000
100000,16,9422,0:00:00.002009,1000
100000,16,9558,0:00:00.002999,1000
100000,16,119764,0:00:00.026991,10000
100000,16,120359,0:00:00.027990,10000
100000,16,1565429,0:00:00.378025,100000
100000,16,1565417,0:00:00.375554,100000
100000,16,19439496,0:00:05.036091,1000000
100000,16,19444800,0:00:05.011034,1000000
100000,16,219436368,0:01:03.552824,10000000
100000,16,219430299,0:01:02.896023,10000000
1000000,16,9551,0:00:00.001999,1000
1000000,16,9569,0:00:00.002997,1000
1000000,16,119844,0:00:00.027988,10000
1000000,16,120142,0:00:00.027020,10000
1000000,16,1566012,0:00:00.364994,100000
1000000,16,1564627,0:00:00.359998,100000
1000000,16,19447457,0:00:04.926005,1000000
1000000,16,19441262,0:00:04.936027,1000000
1000000,16,219433734,0:01:03.139000,10000000
1000000,16,219439834,0:01:02.619051,10000000
10000000,16,9468,0:00:00.002000,1000
10000000,16,9523,0:00:00.001996,1000
10000000,16,120263,0:00:00.027975,10000
10000000,16,120060,0:00:00.028027,10000
10000000,16,1565643,0:00:00.367999,100000
10000000,16,1564650,0:00:00.378796,100000
10000000,16,19437255,0:00:04.933527,1000000
10000000,16,19443944,0:00:04.956024,1000000
10000000,16,219439107,0:01:02.039116,10000000
10000000,16,219441219,0:01:02.340740,10000000
1000,18,9541,0:00:00.002000,1000
1000,18,9530,0:00:00.002979,1000
1000,18,119929,0:00:00.027018,10000
1000,18,119824,0:00:00.027007,10000
1000,18,1563994,0:00:00.354668,100000
1000,18,1565205,0:00:00.377995,100000
1000,18,19433443,0:00:04.834659,1000000
1000,18,19437426,0:00:04.665066,1000000
1000,18,219356290,0:00:57.665196,10000000
1000,18,219373228,0:00:57.869223,10000000
10000,18,9467,0:00:00.002990,1000
10000,18,9594,0:00:00.003004,1000
10000,18,120172,0:00:00.027994,10000
10000,18,120035,0:00:00.028009,10000
10000,18,1564997,0:00:00.367987,100000
10000,18,1564999,0:00:00.356984,100000
10000,18,19443233,0:00:04.912648,1000000
10000,18,19443848,0:00:04.967063,1000000
10000,18,219433445,0:01:00.473885,10000000
10000,18,219433025,0:01:01.454639,10000000
100000,18,9713,0:00:00.003000,1000
100000,18,9665,0:00:00.003018,1000
100000,18,120185,0:00:00.028019,10000
100000,18,120004,0:00:00.028007,10000
100000,18,1565207,0:00:00.353972,100000
100000,18,1566651,0:00:00.357027,100000
100000,18,19438547,0:00:04.876621,1000000
100000,18,19445594,0:00:04.834054,1000000
100000,18,219441591,0:01:02.445749,10000000
100000,18,219433225,0:01:01.747223,10000000
1000000,18,9530,0:00:00.002014,1000
1000000,18,9578,0:00:00.002938,1000
1000000,18,120121,0:00:00.027987,10000
1000000,18,119975,0:00:00.027003,10000
1000000,18,1565091,0:00:00.368975,100000
1000000,18,1564573,0:00:00.354021,100000
1000000,18,19439841,0:00:04.887604,1000000
1000000,18,19443473,0:00:04.911074,1000000
1000000,18,219434748,0:01:01.353524,10000000
1000000,18,219433053,0:01:01.415136,10000000
10000000,18,9500,0:00:00.002000,1000
10000000,18,9521,0:00:00.001998,1000
10000000,18,120133,0:00:00.027998,10000
10000000,18,119970,0:00:00.026996,10000
10000000,18,1564115,0:00:00.368011,100000
10000000,18,1566203,0:00:00.360033,100000
10000000,18,19444557,0:00:04.941331,1000000
10000000,18,19442392,0:00:04.872071,1000000
10000000,18,219442874,0:01:02.185829,10000000
10000000,18,219427889,0:01:00.815336,10000000
1000,20,9494,0:00:00.002000,1000
1000,20,9522,0:00:00.002999,1000
1000,20,135658,0:00:00.029998,10000
1000,20,135038,0:00:00.028998,10000
1000,20,1564118,0:00:00.360033,100000
1000,20,1565315,0:00:00.351009,100000
1000,20,19436898,0:00:04.803035,1000000
1000,20,19432217,0:00:04.785054,1000000
1000,20,234089352,0:00:59.915424,10000000
1000,20,234080357,0:00:59.079029,10000000
10000,20,9456,0:00:00.002002,1000
10000,20,9522,0:00:00.003000,1000
10000,20,135605,0:00:00.028996,10000
10000,20,135136,0:00:00.028991,10000
10000,20,1565585,0:00:00.364020,100000
10000,20,1564618,0:00:00.364973,100000
10000,20,19443283,0:00:04.955349,1000000
10000,20,19438476,0:00:05.011619,1000000
10000,20,234179320,0:01:03.149973,10000000
10000,20,234186850,0:01:04.152999,10000000
100000,20,9307,0:00:00.002020,1000
100000,20,9462,0:00:00.002996,1000
100000,20,135057,0:00:00.028989,10000
100000,20,134665,0:00:00.029009,10000
100000,20,1566262,0:00:00.364989,100000
100000,20,1565095,0:00:00.353995,100000
100000,20,19440880,0:00:04.835624,1000000
100000,20,19439728,0:00:04.925525,1000000
100000,20,234185080,0:01:02.785697,10000000
100000,20,234183603,0:01:03.495975,10000000
1000000,20,9501,0:00:00.003000,1000
1000000,20,9522,0:00:00.003012,1000
1000000,20,135281,0:00:00.029988,10000
1000000,20,135053,0:00:00.029987,10000
1000000,20,1564929,0:00:00.363000,100000
1000000,20,1565751,0:00:00.366095,100000
1000000,20,19443029,0:00:04.942249,1000000
1000000,20,19444898,0:00:04.978117,1000000
1000000,20,234177592,0:01:03.955626,10000000
1000000,20,234167158,0:01:06.330115,10000000
10000000,20,9546,0:00:00.002990,1000
10000000,20,9466,0:00:00.002000,1000
10000000,20,135492,0:00:00.027997,10000
10000000,20,135317,0:00:00.028999,10000
10000000,20,1563780,0:00:00.367990,100000
10000000,20,1564957,0:00:00.371021,100000
10000000,20,19437195,0:00:05.000777,1000000
10000000,20,19441940,0:00:05.084793,1000000
10000000,20,234171360,0:01:04.920084,10000000
10000000,20,234176327,0:01:04.573398,10000000
1000,22,9487,0:00:00.002006,1000
1000,22,9544,0:00:00.001998,1000
1000,22,135238,0:00:00.030996,10000
1000,22,135625,0:00:00.030980,10000
1000,22,1564144,0:00:00.372008,100000
1000,22,1564399,0:00:00.355006,100000
1000,22,19437821,0:00:04.792045,1000000
1000,22,19431124,0:00:04.744357,1000000
1000,22,234088138,0:00:58.769694,10000000
1000,22,234071628,0:00:58.632748,10000000
10000,22,9550,0:00:00.002999,1000
10000,22,9568,0:00:00.002970,1000
10000,22,135357,0:00:00.029969,10000
10000,22,135312,0:00:00.030990,10000
10000,22,1565837,0:00:00.371986,100000
10000,22,1565812,0:00:00.362976,100000
10000,22,19441031,0:00:04.920598,1000000
10000,22,19440283,0:00:04.855923,1000000
10000,22,234158579,0:01:02.250832,10000000
10000,22,234190295,0:01:02.082671,10000000
100000,22,9447,0:00:00.002001,1000
100000,22,9567,0:00:00.002993,1000
100000,22,134934,0:00:00.028991,10000
100000,22,135188,0:00:00.029999,10000
100000,22,1565361,0:00:00.357005,100000
100000,22,1566340,0:00:00.363975,100000
100000,22,19449393,0:00:04.819372,1000000
100000,22,19444111,0:00:04.884244,1000000
100000,22,234179008,0:01:02.398512,10000000
100000,22,234175170,0:01:02.698452,10000000
1000000,22,9695,0:00:00.001991,1000
1000000,22,9640,0:00:00.004003,1000
1000000,22,135437,0:00:00.029016,10000
1000000,22,136173,0:00:00.028988,10000
1000000,22,1564456,0:00:00.354990,100000
1000000,22,1565653,0:00:00.357727,100000
1000000,22,19441974,0:00:04.865434,1000000
1000000,22,19441955,0:00:04.865868,1000000
1000000,22,234186423,0:01:06.832640,10000000
1000000,22,234180277,0:01:05.490787,10000000
10000000,22,9543,0:00:00.001994,1000
10000000,22,9455,0:00:00.002998,1000
10000000,22,135078,0:00:00.030000,10000
10000000,22,136153,0:00:00.030003,10000
10000000,22,1566394,0:00:00.369025,100000
10000000,22,1564003,0:00:00.376999,100000
10000000,22,19445804,0:00:05.142684,1000000
10000000,22,19439241,0:00:05.719783,1000000
10000000,22,234167901,0:01:03.601292,10000000
10000000,22,234193432,0:01:02.462118,10000000
1000,24,9492,0:00:00.002988,1000
1000,24,9640,0:00:00.001996,1000
1000,24,134750,0:00:00.029008,10000
1000,24,136061,0:00:00.029989,10000
1000,24,1683136,0:00:00.377999,100000
1000,24,1685475,0:00:00.378979,100000
1000,24,19435247,0:00:04.666756,1000000
1000,24,19437794,0:00:04.664628,1000000
1000,24,234080492,0:00:59.572759,10000000
1000,24,234089331,0:00:59.028082,10000000
10000,24,9554,0:00:00.001999,1000
10000,24,9548,0:00:00.002001,1000
10000,24,136011,0:00:00.030002,10000
10000,24,135536,0:00:00.029009,10000
10000,24,1684111,0:00:00.375411,100000
10000,24,1684879,0:00:00.376012,100000
10000,24,19443122,0:00:04.848533,1000000
10000,24,19438885,0:00:04.828082,1000000
10000,24,234185028,0:01:02.394618,10000000
10000,24,234169032,0:01:02.454479,10000000
100000,24,9387,0:00:00.002000,1000
100000,24,9558,0:00:00.003981,1000
100000,24,135458,0:00:00.028992,10000
100000,24,135659,0:00:00.029997,10000
100000,24,1685101,0:00:00.378003,100000
100000,24,1685975,0:00:00.380985,100000
100000,24,19446185,0:00:04.880696,1000000
100000,24,19438707,0:00:04.895901,1000000
100000,24,234176199,0:01:03.105065,10000000
100000,24,234179381,0:01:03.479637,10000000
1000000,24,9544,0:00:00.002000,1000
1000000,24,9565,0:00:00.002989,1000
1000000,24,135202,0:00:00.030989,10000
1000000,24,135867,0:00:00.030993,10000
1000000,24,1685170,0:00:00.379009,100000
1000000,24,1684375,0:00:00.382996,100000
1000000,24,19439371,0:00:04.914716,1000000
1000000,24,19439944,0:00:04.913330,1000000
1000000,24,234174883,0:01:03.380489,10000000
1000000,24,234172431,0:01:03.408520,10000000
10000000,24,9513,0:00:00.003000,1000
10000000,24,9440,0:00:00.003000,1000
10000000,24,135621,0:00:00.029993,10000
10000000,24,135566,0:00:00.029993,10000
10000000,24,1682812,0:00:00.381010,100000
10000000,24,1684574,0:00:00.378518,100000
10000000,24,19441047,0:00:04.865025,1000000
10000000,24,19439216,0:00:04.876535,1000000
10000000,24,234192940,0:01:02.787180,10000000
10000000,24,234190343,0:01:02.923487,10000000
1000,26,9517,0:00:00.002980,1000
1000,26,9619,0:00:00.002974,1000
1000,26,134538,0:00:00.029009,10000
1000,26,135458,0:00:00.029991,10000
1000,26,1777597,0:00:00.406980,100000
1000,26,1775222,0:00:00.390023,100000
1000,26,19433207,0:00:04.897319,1000000
1000,26,19434369,0:00:04.917105,1000000
1000,26,234069676,0:01:02.000496,10000000
1000,26,234077997,0:01:00.740375,10000000
10000,26,9540,0:00:00.002002,1000
10000,26,9620,0:00:00.002993,1000
10000,26,135386,0:00:00.029001,10000
10000,26,135853,0:00:00.029979,10000
10000,26,1777831,0:00:00.400009,100000
10000,26,1776985,0:00:00.397036,100000
10000,26,19440172,0:00:05.010424,1000000
10000,26,19443361,0:00:04.967669,1000000
10000,26,234174851,0:01:05.420738,10000000
10000,26,234174575,0:01:04.234566,10000000
100000,26,9415,0:00:00.003015,1000
100000,26,9545,0:00:00.002006,1000
100000,26,134556,0:00:00.031018,10000
100000,26,135495,0:00:00.029996,10000
100000,26,1776105,0:00:00.399052,100000
100000,26,1778454,0:00:00.413915,100000
100000,26,19439450,0:00:04.999366,1000000
100000,26,19439211,0:00:04.991829,1000000
100000,26,234176039,0:01:04.620079,10000000
100000,26,234170799,0:01:04.468495,10000000
1000000,26,9657,0:00:00.003006,1000
1000000,26,9640,0:00:00.001990,1000
1000000,26,135279,0:00:00.031021,10000
1000000,26,134985,0:00:00.032000,10000
1000000,26,1775663,0:00:00.398006,100000
1000000,26,1775997,0:00:00.390009,100000
1000000,26,19443626,0:00:05.143955,1000000
1000000,26,19439727,0:00:05.027366,1000000
1000000,26,234188177,0:01:04.980418,10000000
1000000,26,234193486,0:01:03.836463,10000000
10000000,26,9599,0:00:00.001999,1000
10000000,26,9532,0:00:00.001995,1000
10000000,26,135280,0:00:00.028997,10000
10000000,26,135449,0:00:00.029021,10000
10000000,26,1775016,0:00:00.398999,100000
10000000,26,1777178,0:00:00.391010,100000
10000000,26,19442518,0:00:04.974340,1000000
10000000,26,19442372,0:00:04.939542,1000000
10000000,26,234174136,0:01:04.681687,10000000
10000000,26,234197328,0:01:03.402675,10000000
1000,30,9495,0:00:00.002999,1000
1000,30,9463,0:00:00.002997,1000
1000,30,135193,0:00:00.028999,10000
1000,30,135211,0:00:00.028998,10000
1000,30,1775100,0:00:00.385551,100000
1000,30,1778414,0:00:00.383076,100000
1000,30,20766555,0:00:05.046217,1000000
1000,30,20765586,0:00:04.989157,1000000
1000,30,234094814,0:01:01.455067,10000000
1000,30,234076247,0:00:59.396265,10000000
10000,30,9634,0:00:00.003000,1000
10000,30,9589,0:00:00.001999,1000
10000,30,135057,0:00:00.030998,10000
10000,30,135194,0:00:00.031006,10000
10000,30,1775640,0:00:00.398290,100000
10000,30,1776352,0:00:00.398826,100000
10000,30,20774102,0:00:05.362090,1000000
10000,30,20771320,0:00:05.360628,1000000
10000,30,234159096,0:01:03.840787,10000000
10000,30,234175608,0:01:03.575810,10000000
100000,30,9481,0:00:00.001989,1000
100000,30,9511,0:00:00.003018,1000
100000,30,135444,0:00:00.030009,10000
100000,30,135561,0:00:00.030008,10000
100000,30,1776535,0:00:00.407987,100000
100000,30,1778013,0:00:00.418023,100000
100000,30,20777239,0:00:05.220382,1000000
100000,30,20772519,0:00:05.387511,1000000
100000,30,234195371,0:01:04.802268,10000000
100000,30,234175314,0:01:05.662972,10000000
1000000,30,9510,0:00:00.002000,1000
1000000,30,9493,0:00:00.002890,1000
1000000,30,135472,0:00:00.028994,10000
1000000,30,135564,0:00:00.028988,10000
1000000,30,1775837,0:00:00.413977,100000
1000000,30,1777807,0:00:00.401025,100000
1000000,30,20779382,0:00:05.218186,1000000
1000000,30,20784964,0:00:05.242070,1000000
1000000,30,234158908,0:01:04.341190,10000000
1000000,30,234193448,0:01:04.662507,10000000
10000000,30,9558,0:00:00.002000,1000
10000000,30,9444,0:00:00.003009,1000
10000000,30,135560,0:00:00.028996,10000
10000000,30,135578,0:00:00.028995,10000
10000000,30,1779038,0:00:00.407526,100000
10000000,30,1777332,0:00:00.407098,100000
10000000,30,20772751,0:00:05.423470,1000000
10000000,30,20781223,0:00:05.296021,1000000
10000000,30,234183128,0:01:05.119236,10000000
10000000,30,234181369,0:01:04.079032,10000000
1000,35,12111,0:00:00.002996,1000
1000,35,12366,0:00:00.002998,1000
1000,35,135353,0:00:00.033996,10000
1000,35,135317,0:00:00.032991,10000
1000,35,1776884,0:00:00.405994,100000
1000,35,1774275,0:00:00.398502,100000
1000,35,22303159,0:00:05.250004,1000000
1000,35,22310607,0:00:05.240244,1000000
1000,35,234086904,0:00:59.885384,10000000
1000,35,234067488,0:01:00.460630,10000000
10000,35,12202,0:00:00.003000,1000
10000,35,12491,0:00:00.004003,1000
10000,35,135239,0:00:00.028979,10000
10000,35,135604,0:00:00.030020,10000
10000,35,1778732,0:00:00.410577,100000
10000,35,1779498,0:00:00.400016,100000
10000,35,22314133,0:00:05.503301,1000000
10000,35,22320417,0:00:05.418337,1000000
10000,35,234176828,0:01:03.413783,10000000
10000,35,234180114,0:01:04.274245,10000000
100000,35,12363,0:00:00.001999,1000
100000,35,12621,0:00:00.002988,1000
100000,35,135415,0:00:00.029988,10000
100000,35,135508,0:00:00.028991,10000
100000,35,1777152,0:00:00.413013,100000
100000,35,1777127,0:00:00.400056,100000
100000,35,22318631,0:00:05.473426,1000000
100000,35,22318069,0:00:05.393064,1000000
100000,35,234168731,0:01:05.155719,10000000
100000,35,234189001,0:01:05.570931,10000000
1000000,35,12675,0:00:00.003000,1000
1000000,35,12404,0:00:00.002993,1000
1000000,35,134899,0:00:00.030979,10000
1000000,35,135090,0:00:00.030992,10000
1000000,35,1776000,0:00:00.402233,100000
1000000,35,1776769,0:00:00.405022,100000
1000000,35,22317433,0:00:05.613870,1000000
1000000,35,22330130,0:00:05.551652,1000000
1000000,35,234177794,0:01:04.956024,10000000
1000000,35,234180096,0:01:05.071454,10000000
10000000,35,12435,0:00:00.002000,1000
10000000,35,12578,0:00:00.002000,1000
10000000,35,135231,0:00:00.030262,10000
10000000,35,135433,0:00:00.030999,10000
10000000,35,1774921,0:00:00.404399,100000
10000000,35,1779235,0:00:00.419808,100000
10000000,35,22317482,0:00:05.471725,1000000
10000000,35,22318597,0:00:05.496270,1000000
10000000,35,234178365,0:01:04.809295,10000000
10000000,35,234179688,0:01:05.105162,10000000
1000,40,12438,0:00:00.003000,1000
1000,40,12345,0:00:00.003999,1000
1000,40,174715,0:00:00.036029,10000
1000,40,174190,0:00:00.037000,10000
1000,40,1776201,0:00:00.394993,100000
1000,40,1777700,0:00:00.394022,100000
1000,40,22310742,0:00:05.230910,1000000
1000,40,22309189,0:00:05.252470,1000000
1000,40,272203502,0:01:06.600412,10000000
1000,40,272195489,0:01:07.458391,10000000
10000,40,12308,0:00:00.003010,1000
10000,40,12593,0:00:00.002990,1000
10000,40,175614,0:00:00.039016,10000
10000,40,173769,0:00:00.036002,10000
10000,40,1777718,0:00:00.420990,100000
10000,40,1776377,0:00:00.416984,100000
10000,40,22314512,0:00:05.515877,1000000
10000,40,22318210,0:00:05.463599,1000000
10000,40,272363429,0:01:11.877293,10000000
10000,40,272348446,0:01:12.110428,10000000
100000,40,12331,0:00:00.002000,1000
100000,40,12544,0:00:00.001999,1000
100000,40,174624,0:00:00.040003,10000
100000,40,174576,0:00:00.045001,10000
100000,40,1778793,0:00:00.449995,100000
100000,40,1777737,0:00:00.513569,100000
100000,40,22311970,0:00:06.006637,1000000
100000,40,22316967,0:00:05.725377,1000000
100000,40,272304659,0:01:12.055735,10000000
100000,40,272351237,0:01:12.199496,10000000
1000000,40,12510,0:00:00.002989,1000
1000000,40,12400,0:00:00.003011,1000
1000000,40,174461,0:00:00.035998,10000
1000000,40,174537,0:00:00.035004,10000
1000000,40,1778038,0:00:00.409991,100000
1000000,40,1776381,0:00:00.401632,100000
1000000,40,22317800,0:00:05.398435,1000000
1000000,40,22316587,0:00:05.454384,1000000
1000000,40,272353861,0:01:10.799346,10000000
1000000,40,272360652,0:01:10.772039,10000000
10000000,40,12675,0:00:00.002999,1000
10000000,40,12389,0:00:00.002998,1000
10000000,40,174112,0:00:00.036032,10000
10000000,40,175494,0:00:00.035998,10000
10000000,40,1777248,0:00:00.397610,100000
10000000,40,1778755,0:00:00.386375,100000
10000000,40,22320023,0:00:05.397110,1000000
10000000,40,22312472,0:00:05.445126,1000000
10000000,40,272381215,0:01:11.687494,10000000
10000000,40,272356233,0:01:10.852539,10000000
1000,45,12511,0:00:00.003017,1000
1000,45,12729,0:00:00.003997,1000
1000,45,173969,0:00:00.037000,10000
1000,45,173826,0:00:00.039018,10000
1000,45,1776616,0:00:00.393011,100000
1000,45,1776991,0:00:00.391990,100000
1000,45,22301128,0:00:05.233554,1000000
1000,45,22298912,0:00:05.189890,1000000
1000,45,272247262,0:01:06.353288,10000000
1000,45,272214639,0:01:06.071774,10000000
10000,45,12647,0:00:00.002999,1000
10000,45,12622,0:00:00.002979,1000
10000,45,174218,0:00:00.035988,10000
10000,45,173688,0:00:00.038000,10000
10000,45,1778027,0:00:00.413021,100000
10000,45,1776041,0:00:00.401282,100000
10000,45,22319820,0:00:05.421867,1000000
10000,45,22310001,0:00:05.411762,1000000
10000,45,272357562,0:01:09.942181,10000000
10000,45,272367117,0:01:10.572891,10000000
100000,45,12597,0:00:00.003008,1000
100000,45,12611,0:00:00.004002,1000
100000,45,175269,0:00:00.037004,10000
100000,45,175346,0:00:00.035992,10000
100000,45,1778046,0:00:00.410003,100000
100000,45,1779121,0:00:00.405484,100000
100000,45,22322470,0:00:05.675154,1000000
100000,45,22320128,0:00:05.515172,1000000
100000,45,272349212,0:01:11.083406,10000000
100000,45,272395273,0:01:10.446602,10000000
1000000,45,12333,0:00:00.002035,1000
1000000,45,12787,0:00:00.002055,1000
1000000,45,175920,0:00:00.035924,10000
1000000,45,174879,0:00:00.035955,10000
1000000,45,1778598,0:00:00.398867,100000
1000000,45,1775869,0:00:00.400598,100000
1000000,45,22309283,0:00:05.504341,1000000
1000000,45,22327249,0:00:05.501242,1000000
1000000,45,272339187,0:01:10.580095,10000000
1000000,45,272340520,0:01:11.423798,10000000
10000000,45,12663,0:00:00.002000,1000
10000000,45,12486,0:00:00.002998,1000
10000000,45,174887,0:00:00.037000,10000
10000000,45,174669,0:00:00.036001,10000
10000000,45,1776667,0:00:00.405006,100000
10000000,45,1778303,0:00:00.406337,100000
10000000,45,22314039,0:00:05.448258,1000000
10000000,45,22321246,0:00:05.516510,1000000
10000000,45,272388419,0:01:10.950724,10000000
10000000,45,272324005,0:01:11.199120,10000000
1
